Line,Station
Airport Line,AIRPORT TERMINAL B
Airport Line,AIRPORT TERMINAL A EAST
Airport Line,AIRPORT TERMINAL A WEST
Airport Line,EASTWICK
Airport Line,UNIVERSITY CITY
Airport Line,30TH STREET STATION
Airport Line,SUBURBAN STATION
Airport Line,JEFFERSON STATION
Airport Line,TEMPLE UNIVERSITY
Airport Line,WAYNE JUNCTION
Airport Line,FERN ROCK TRANS. CENTER
Airport Line,MELROSE PARK
Airport Line,ELKINS PARK
Airport Line,JENKINTOWN-WYNCOTE
Airport Line,GLENSIDE
Chestnut Hill East Line,CHESTNUT HILL EAST
Chestnut Hill East Line,GRAVERS
Chestnut Hill East Line,WYNDMOOR
Chestnut Hill East Line,MOUNT AIRY
Chestnut Hill East Line,SEDGWICK
Chestnut Hill East Line,STENTON
Chestnut Hill East Line,WASHINGTON LANE
Chestnut Hill East Line,GERMANTOWN
Chestnut Hill East Line,WISTER
Chestnut Hill East Line,WAYNE JUNCTION
Chestnut Hill East Line,TEMPLE UNIVERSITY
Chestnut Hill East Line,JEFFERSON STATION
Chestnut Hill East Line,SUBURBAN STATION
Chestnut Hill East Line,30th STREET STATION
Chestnut Hill West Line,CHESTNUT HILL WEST
Chestnut Hill West Line,HIGHLAND
Chestnut Hill West Line,ST. MARTINS
Chestnut Hill West Line,ALLEN LANE
Chestnut Hill West Line,CARPENTER
Chestnut Hill West Line,UPSAL   
Chestnut Hill West Line,TULPEHOCKEN 
Chestnut Hill West Line,CHELTEN AVENUE
Chestnut Hill West Line,QUEEN LANE 
Chestnut Hill West Line,NORTH PHILADELPHIA    
Chestnut Hill West Line,30th STREET STATION 
Chestnut Hill West Line,SUBURBAN STATION
Chestnut Hill West Line,JEFFERSON STATION
Chestnut Hill West Line,TEMPLE UNIVERSITY
Cynwyd Line,CYNWYD
Cynwyd Line,BALA 
Cynwyd Line,WYNNEFIELD AVENUE
Cynwyd Line,30th STREET Station
Cynwyd Line,SUBURBAN STATION
Fox Chase Line,FOX CHASE
Fox Chase Line,RYERS
Fox Chase Line,CHELTENHAM
Fox Chase Line,LAWNDALE
Fox Chase Line,OLNEY
Fox Chase Line,WAYNE JUNCTION
Fox Chase Line,TEMPLE UNIVERSITY
Fox Chase Line,JEFFERSON STATION
Fox Chase Line,SUBURBAN STATION
Fox Chase Line,30th STREET STATION
Glenside Combined Line,GLENSIDE
Glenside Combined Line,JENKINTOWN-WYNCOTE
Glenside Combined Line,ELKINS PARK
Glenside Combined Line,MELROSE PARK
Glenside Combined Line,FERN ROCK TRANS. CENTER
Glenside Combined Line,WAYNE JUNCTION
Glenside Combined Line,NORTH BROAD
Glenside Combined Line,TEMPLE UNIVERSITY
Glenside Combined Line,JEFFERSON STATION
Glenside Combined Line,SUBURBAN STATION
Glenside Combined Line,30th STREET STATION
Glenside Combined Line,UNIVERSITY CITY
Lansdale Doylestown Line,Doylestown
Lansdale Doylestown Line,Delaware Valley University
Lansdale Doylestown Line,New Britain
Lansdale Doylestown Line,Chalfont
Lansdale Doylestown Line,Link Belt
Lansdale Doylestown Line,Colmar
Lansdale Doylestown Line,Fortuna
Lansdale Doylestown Line,9th Street
Lansdale Doylestown Line,Lansdale
Lansdale Doylestown Line,Pennbrook
Lansdale Doylestown Line,North Wales
Lansdale Doylestown Line,Gwynedd Valley
Lansdale Doylestown Line,Penllyn
Lansdale Doylestown Line,Ambler
Lansdale Doylestown Line,Fort Washington
Lansdale Doylestown Line,Oreland
Lansdale Doylestown Line,North Hills
Lansdale Doylestown Line,Glenside
Lansdale Doylestown Line,Jenkintown-Wyncote
Lansdale Doylestown Line,Elkins Park
Lansdale Doylestown Line,Melrose Park
Lansdale Doylestown Line,Fern Rock Transportation Center
Lansdale Doylestown Line,Wayne Junction
Lansdale Doylestown Line,North Broad
Lansdale Doylestown Line,Temple University
Lansdale Doylestown Line,Jefferson Station
Lansdale Doylestown Line,Suburban Station
Lansdale Doylestown Line,30th Street Station
Center City to University City Line,University City Station
Center City to University City Line,30th Street Station
Center City to University City Line,Suburban  Station
Center City to University City Line,Jefferson Station
Manayunk/Norristown Line,Norristown Elm Street
Manayunk/Norristown Line,Main Street
Manayunk/Norristown Line,Norristown Transportation Center
Manayunk/Norristown Line,Conshohocken
Manayunk/Norristown Line,Spring Mill
Manayunk/Norristown Line,Miquon
Manayunk/Norristown Line,Ivy Ridge
Manayunk/Norristown Line,Manayunk
Manayunk/Norristown Line,Wissahickon
Manayunk/Norristown Line,East Falls
Manayunk/Norristown Line,Allegheny
Manayunk/Norristown Line,North Broad
Manayunk/Norristown Line,Temple University
Manayunk/Norristown Line,Jefferson Station
Manayunk/Norristown Line,Suburban Station
Manayunk/Norristown Line,30th Street Station
Manayunk/Norristown Line,University City
Media/Elwyn Line,Elwyn
Media/Elwyn Line,Media
Media/Elwyn Line,Moylan-Rose Valley
Media/Elwyn Line,Wallingford
Media/Elwyn Line,Swarthmore
Media/Elwyn Line,Morton
Media/Elwyn Line,Secane
Media/Elwyn Line,Primos
Media/Elwyn Line,Clifton-Aldan
Media/Elwyn Line,Gladstone
Media/Elwyn Line,Lansdowne
Media/Elwyn Line,Fernwood-Yeadon
Media/Elwyn Line,Angora
Media/Elwyn Line,49th Street
Media/Elwyn Line,University City
Media/Elwyn Line,30th Street Station
Media/Elwyn Line,Suburban Station
Media/Elwyn Line,Jefferson Station
Media/Elwyn Line,Temple University
Wilmington/Newark Line,Newark
Wilmington/Newark Line,Churchmans Crossing
Wilmington/Newark Line,Wilmington
Wilmington/Newark Line,Claymont
Wilmington/Newark Line,Marcus Hook
Wilmington/Newark Line,Highland Avenue
Wilmington/Newark Line,Chester Transportation Center
Wilmington/Newark Line,Eddystone
Wilmington/Newark Line,Crum Lynne
Wilmington/Newark Line,Ridley Park
Wilmington/Newark Line,Prospect Park
Wilmington/Newark Line,Norwood
Wilmington/Newark Line,Glenolden
Wilmington/Newark Line,Folcroft
Wilmington/Newark Line,Sharon Hill
Wilmington/Newark Line,Curtis Park
Wilmington/Newark Line,Darby
Wilmington/Newark Line,University City
Wilmington/Newark Line,30th Street Station
Wilmington/Newark Line,Suburban Station
Wilmington/Newark Line,Jefferson Station
Wilmington/Newark Line,Temple University
West Trenton Line,West Trenton
West Trenton Line,Yardley
West Trenton Line,Woodbourne
West Trenton Line,Langhorne
West Trenton Line,Neshaminy Falls
West Trenton Line,Trevose
West Trenton Line,Somerton
West Trenton Line,Forest Hills
West Trenton Line,Philmont
West Trenton Line,Bethayres
West Trenton Line,Meadowbrook
West Trenton Line,Rydal
West Trenton Line,Noble
West Trenton Line,Jenkintown-Wyncote
West Trenton Line,Elkins Park
West Trenton Line,Melrose Park
West Trenton Line,Fern Rock Transportation Center
West Trenton Line,Wayne Junction
West Trenton Line,Temple University
West Trenton Line,Jefferson Station
West Trenton Line,Suburban Station
West Trenton Line,30th Street Station
West Trenton Line,University City
Trenton Line,West Trenton
Trenton Line,Yardley
Trenton Line,Woodbourne
Trenton Line,Langhorne
Trenton Line,Neshaminy Falls
Trenton Line,Trevose
Trenton Line,Somerton
Trenton Line,Forest Hills
Trenton Line,Philmont
Trenton Line,Bethayres
Trenton Line,Meadowbrook
Trenton Line,Rydal
Trenton Line,Noble
Trenton Line,Jenkintown-Wyncote
Trenton Line,Elkins Park
Trenton Line,Melrose Park
Trenton Line,Fern Rock Transportation Center
Trenton Line,Wayne Junction
Trenton Line,Temple University
Trenton Line,Jefferson Station
Trenton Line,Suburban Station
Trenton Line,30th Street Station
Trenton Line,University City
Paoli/Thorndale Line,Thorndale
Paoli/Thorndale Line,Downingtown
Paoli/Thorndale Line,Whitford
Paoli/Thorndale Line,Exton
Paoli/Thorndale Line,Malvern
Paoli/Thorndale Line,Paoli
Paoli/Thorndale Line,Daylesford
Paoli/Thorndale Line,Berwyn
Paoli/Thorndale Line,Devon
Paoli/Thorndale Line,Strafford
Paoli/Thorndale Line,Wayne
Paoli/Thorndale Line,St. Davids
Paoli/Thorndale Line,Radnor
Paoli/Thorndale Line,Villanova
Paoli/Thorndale Line,Rosemont
Paoli/Thorndale Line,Bryn Mawr
Paoli/Thorndale Line,Haverford
Paoli/Thorndale Line,Ardmore
Paoli/Thorndale Line,Wynnewood
Paoli/Thorndale Line,Narberth
Paoli/Thorndale Line,Merion
Paoli/Thorndale Line,Overbrook
Paoli/Thorndale Line,30th Street Station
Paoli/Thorndale Line,Suburban Station
Paoli/Thorndale Line,Jefferson Station
Paoli/Thorndale Line,Temple University
Warminster Line,Warminster
Warminster Line,Hatboro
Warminster Line,Willow Grove
Warminster Line,Crestmont
Warminster Line,Roslyn
Warminster Line,Ardsley
Warminster Line,Glenside
Warminster Line,Jenkintown-Wyncote
Warminster Line,Elkins Park
Warminster Line,Melrose Park
Warminster Line,Fern Rock Transportation Center
Warminster Line,Wayne Junction
Warminster Line,Temple University
Warminster Line,Jefferson Station
Warminster Line,Suburban Station
Warminster Line,30th Street Station
Warminster Line,University City
Fern Rock to Center City,Fern Rock
Fern Rock to Center City,T.C.
Fern Rock to Center City,Wayne Jct.
Fern Rock to Center City,N. Broad
Fern Rock to Center City,Station
Fern Rock to Center City,Temple U.
Fern Rock to Center City,Jefferson
Fern Rock to Center City,Station
Fern Rock to Center City,Suburban
Fern Rock to Center City,Station
Fern Rock to Center City,30th Street
Fern Rock to Center City,Station
